"","date","Month","Year","site","final_plant_name","total_flowers","height","hummingbird","comment","Transect_ID","lon","lat","ele","time","name","sym","type","extensions","link","cmt","desc","waypoint","timestamp","Camera_ID"
"1","43172",NA,NA,"ALASD","Disterigma noyesiae",14,"3","Metallura tyrianthina",NA,"ALASD_NA_378",NA,NA,NA,NA,NA,NA,NA,NA,NA,NA,NA,NA,NA,NA
"2","43172",NA,NA,"ALASD","Passiflora coactilis",2,"3","Metallura tyrianthina",NA,"ALASD_NA_384",NA,NA,NA,NA,NA,NA,NA,NA,NA,NA,NA,NA,NA,NA
"3","07/05/2018","May","2018","ALASD","Fuchsia sylvatica",10,"1","Coeligena lutetiae",NA,"ALASD_May_741",NA,NA,NA,NA,NA,NA,NA,NA,NA,NA,NA,NA,NA,NA
"4",NA,NA,NA,"Alaspungo","Elleanthus amethystinoides",30,"7","Heliangelus strophianus","male","Alaspungo_NA_2189",NA,NA,NA,NA,NA,NA,NA,NA,NA,NA,NA,NA,NA,NA
"5",NA,NA,NA,"Alaspungo","Elleanthus amethystinoides",4,"7","Metallura tyrianthina","female","Alaspungo_NA_2191",NA,NA,NA,NA,NA,NA,NA,NA,NA,NA,NA,NA,NA,NA
"6","15/02/2017","February","2017","Cambugan","Aphelandra acanthus",1,"2","Adelomyia melanogenys",NA,"Cambugan_February_314",NA,NA,NA,NA,NA,NA,NA,NA,NA,NA,NA,NA,NA,NA
"7","15/02/2017","February","2017","Cambugan","Columnea strigosa",65,"2","Coeligena torquata",NA,"Cambugan_February_367",NA,NA,NA,NA,NA,NA,NA,NA,NA,NA,NA,NA,NA,NA
"8","16/03/2017","March","2017","LasGralarias","Gasteranthus pansamalanus",NA,NA,"Heliodoxa rubinoides",NA,"LasGralarias_March_11",NA,NA,NA,NA,NA,NA,NA,NA,NA,NA,NA,NA,NA,NA
"9","16/03/2017","March","2017","LasGralarias","Gasteranthus pansamalanus",2,"2","Aglaiocercus coelestis",NA,"LasGralarias_March_12",NA,NA,NA,NA,NA,NA,NA,NA,NA,NA,NA,NA,NA,NA
"10","16/03/2017","March","2017","LasGralarias","Guzmania squarrosa",2,"4","Aglaiocercus coelestis",NA,"LasGralarias_March_28",NA,NA,NA,NA,NA,NA,NA,NA,NA,NA,NA,NA,NA,NA
"11","16/03/2017","March","2017","LasGralarias","Guzmania jaramilloi",2,"4","Colibri",NA,"LasGralarias_March_30",NA,NA,NA,NA,NA,NA,NA,NA,NA,NA,NA,NA,NA,NA
"12","16/03/2017","March","2017","LasGralarias","Cavendishia grandifolia",1,"6","Phaethornis yaruqui",NA,"LasGralarias_March_32",NA,NA,NA,NA,NA,NA,NA,NA,NA,NA,NA,NA,NA,NA
"13","11/05/2017","May","2017","LasGralarias","Palicourea demissa",26,"2","Phaethornis syrmatophorus",NA,"LasGralarias_May_553",-78.733304,-0.010928,"2054.494","2017-05-11T15:00:18Z","553","Flag, Blue","Blue Flag","553",NA,NA,NA,"553",2017-05-11 15:00:18,"LasGralarias_553"
"14","11/05/2017","May","2017","LasGralarias","Palicourea demissa",3,"2","Aglaiocercus coelestis",NA,"LasGralarias_May_556",-78.733624,-0.010942,"2055.232","2017-05-11T15:16:51Z","556","Flag, Blue","Blue Flag","556",NA,NA,NA,"556",2017-05-11 15:16:51,"LasGralarias_556"
"15","16/06/2017","June","2017","LasGralarias","Palicourea sodiroi",21,"3","Aglaiocercus coelestis","Feeding while hovering for 30'","LasGralarias_June_669",-78.732199,-0.011536,"1998.948730","2017-06-16T12:27:53Z","669","Flag, Blue",NA,NA,NA,NA,NA,"669",2017-06-16 12:27:53,"LasGralarias_669"
"16","16/06/2017","June","2017","LasGralarias","Tillandsia complanata",1,"6","Boissonneaua jardini",NA,"LasGralarias_June_724",-78.732815,-0.011035,"2046.984009","2017-06-16T17:42:49Z","724","Flag, Blue",NA,NA,NA,NA,NA,"724",2017-06-16 17:42:49,"LasGralarias_724"
"17","19/09/2017","September","2017","LasGralarias","Palicourea sodiroi",7,"1","Aglaiocercus coelestis","Visita ilegítima","LasGralarias_September_38",NA,NA,NA,NA,NA,NA,NA,NA,NA,NA,NA,NA,NA,NA
"18","13/11/2017","November","2017","LasGralarias","Psammisia ecuadorensis",20,"3","Heliodoxa rubinoides",NA,"LasGralarias_November_1932",-78.734417,-0.010206,"2042.366943","2017-11-13T14:43:11Z","1932","Flag, Blue",NA,NA,NA,NA,NA,"1932",2017-11-13 14:43:11,"LasGralarias_1932"
"19","20/02/2018","February","2018","LasGralarias","Columnea ciliata",NA,"6","Boissonneaua jardini",NA,"LasGralarias_February_137",-78.734551,-0.010168,"2032.531494","2018-02-20T14:16:26Z","137","Flag, Blue",NA,NA,NA,NA,NA,"137",2018-02-20 14:16:26,"LasGralarias_137"
"20","20/03/2018","March","2018","LasGralarias","Glossoloma oblongicalyx",NA,"0.5","Heliangelus strophianus",NA,"LasGralarias_March_633",-78.732489,-0.011588,"2051.831299","2018-03-20T13:52:45Z","633","Flag, Blue",NA,NA,NA,NA,NA,"633",2018-03-20 13:52:45,"LasGralarias_633"
"21","20/03/2018","March","2018","LasGralarias","Fuchsia macrostigma",NA,"4","Heliodoxa rubinoides",NA,"LasGralarias_March_645",-78.733698,-0.010894,"2055.234619","2018-03-20T14:26:42Z","645","Flag, Blue",NA,NA,NA,NA,NA,"645",2018-03-20 14:26:42,"LasGralarias_645"
"22",NA,NA,NA,NA,"Palicourea demissa",NA,"2","Aglaiocercus coelestis",NA,"NA_NA_893",NA,NA,NA,NA,NA,NA,NA,NA,NA,NA,NA,NA,NA,NA
"23",NA,NA,NA,NA,"Glossoloma penduliflorum",NA,"1","Ocreatus underwoodi",NA,"NA_NA_894",NA,NA,NA,NA,NA,NA,NA,NA,NA,NA,NA,NA,NA,NA
"24","27/01/2017","January","2017","Maquipucuna","Renealmia sessilifolia",2,"2","Ocreatus underwoodii","","Maquipucuna_January_815",-78.629144,0.106411,"1644.421265","2017-01-27T14:06:56Z","815","Flag, Blue",NA,NA,NA,NA,NA,"815",2017-01-27 14:06:56,"Maquipucuna_815"
"25","27/01/2017","January","2017","Maquipucuna","Palicourea demissa",2,"4","Ocreatus underwoodii","","Maquipucuna_January_815",-78.629144,0.106411,"1644.421265","2017-01-27T14:06:56Z","815","Flag, Blue",NA,NA,NA,NA,NA,"815",2017-01-27 14:06:56,"Maquipucuna_815"
"26","27/01/2017","January","2017","Maquipucuna","Palicourea demissa",12,"6","Ocreatus underwoodii","","Maquipucuna_January_857",-78.62897,0.103214,"1710.865234","2017-01-27T15:02:07Z","857","Flag, Blue",NA,NA,NA,NA,NA,"857",2017-01-27 15:02:07,"Maquipucuna_857"
"27","25/02/2017","February","2017","Maquipucuna","Palicourea demissa",2,"6","Ocreatus underwoodii","","Maquipucuna_February_1335",-78.629721,0.106875,"1590.808716","2017-02-25T13:45:32Z","1335","Flag, Blue",NA,NA,NA,NA,NA,"1335",2017-02-25 13:45:32,"Maquipucuna_1335"
"28","18/03/2017","March","2017","Maquipucuna","Macleania recumbens",14,"5","Coeligena wilsoni","","Maquipucuna_March_1495",-78.62902,0.107818,"1563.921021","2017-03-18T13:33:07Z","1495","Flag, Blue",NA,NA,NA,NA,NA,"1495",2017-03-18 13:33:07,"Maquipucuna_1495"
"29","18/03/2017","March","2017","Maquipucuna","Macleania recumbens",14,"5","Coeligena wilsoni","","Maquipucuna_March_1495",-78.62893,0.108101,"1557.326172","2018-03-21T13:06:27Z","1495","Flag, Blue",NA,NA,NA,NA,NA,"1495",2018-03-21 13:06:27,"Maquipucuna_1495"
"30","18/03/2017","March","2017","Maquipucuna","Macleania recumbens",15,"2","Ocreatus underwoodii","","Maquipucuna_March_1523",-78.628475,0.10687,"1610.613770","2017-03-18T14:47:13Z","1523","Flag, Blue",NA,NA,NA,NA,NA,"1523",2017-03-18 14:47:13,"Maquipucuna_1523"
"31","18/03/2017","March","2017","Maquipucuna","Macleania recumbens",15,"2","Ocreatus underwoodii","","Maquipucuna_March_1523",-78.629029,0.104437,"1683.514648","2018-03-21T14:28:19Z","1523","Flag, Blue",NA,NA,NA,NA,NA,"1523",2018-03-21 14:28:19,"Maquipucuna_1523"
"32","18/03/2017","March","2017","Maquipucuna","Columnea kucyniakii",3,"5","Ocreatus underwoodii","","Maquipucuna_March_1558",-78.629038,0.104431,"1685.017334","2017-03-18T16:15:07Z","1558","Flag, Blue",NA,NA,NA,NA,NA,"1558",2017-03-18 16:15:07,"Maquipucuna_1558"
"33","18/03/2017","March","2017","Maquipucuna","Columnea kucyniakii",3,"5","Ocreatus underwoodii","","Maquipucuna_March_1558",-78.635293,0.117231,"1366.270020","2018-03-24T12:37:07Z","1558","Flag, Blue",NA,NA,NA,NA,NA,"1558",2018-03-24 12:37:07,"Maquipucuna_1558"
"34","05/04/2017","April","2017","Maquipucuna","Columnea ciliata",1,"2","Phaethornis syrmatophorus","","Maquipucuna_April_1856",-78.628718,0.107563,"1567.341553","2017-04-05T12:53:44Z","1856","Flag, Blue",NA,NA,NA,NA,NA,"1856",2017-04-05 12:53:44,"Maquipucuna_1856"
"35","05/04/2017","April","2017","Maquipucuna","Palicourea demissa",9,"5","Ocreatus underwoodii","","Maquipucuna_April_1894",-78.629007,0.104465,"1678.967041","2017-04-05T14:14:02Z","1894","Flag, Blue",NA,NA,NA,NA,NA,"1894",2017-04-05 14:14:02,"Maquipucuna_1894"
"36","05/04/2017","April","2017","Maquipucuna","Palicourea demissa",5,"4","Aglaiocercus coelestis","","Maquipucuna_April_1911",-78.628684,0.102853,"1717.025513","2017-04-05T14:41:03Z","1911","Flag, Blue",NA,NA,NA,NA,NA,"1911",2017-04-05 14:41:03,"Maquipucuna_1911"
"37","11/05/2017","May","2017","Maquipucuna","Palicourea demissa",24,"6","Ocreatus underwoodii","","Maquipucuna_May_509",-78.628737,0.108345,"1530.546875","2017-05-11T13:02:19Z","509","Flag, Blue",NA,NA,NA,NA,NA,"509",2017-05-11 13:02:19,"Maquipucuna_509"
"38","11/05/2017","May","2017","Maquipucuna","Palicourea demissa",1,"5","Ocreatus underwoodii","","Maquipucuna_May_522",-78.62945,0.107325,"1574.102539","2017-05-11T13:28:13Z","522","Flag, Blue",NA,NA,NA,NA,NA,"522",2017-05-11 13:28:13,"Maquipucuna_522"
"39","09/06/2017","June","2017","Maquipucuna","Palicourea demissa",4,"4","Ocreatus underwoodii","","Maquipucuna_June_642",-78.629631,0.107073,"1569.611084","2017-06-09T14:16:47Z","642","Flag, Blue",NA,NA,NA,NA,NA,"642",2017-06-09 14:16:47,"Maquipucuna_642"
"40","09/06/2017","June","2017","Maquipucuna","Palicourea demissa",18,"4","Aglaiocercus coelestis","","Maquipucuna_June_648",-78.629414,0.107024,"1584.925049","2017-06-09T14:24:32Z","648","Flag, Blue",NA,NA,NA,NA,NA,"648",2017-06-09 14:24:32,"Maquipucuna_648"
"41","13/07/2017","July","2017","Maquipucuna","Palicourea demissa",28,"5","Colibri delphinae","","Maquipucuna_July_1500",-78.628546,0.108765,"1527.015991","2017-07-13T12:26:23Z","1500","Flag, Blue",NA,NA,NA,NA,NA,"1500",2017-07-13 12:26:23,"Maquipucuna_1500"
"42","13/07/2017","July","2017","Maquipucuna","Palicourea demissa",2,"5","Phaethornis yaruqui","heard only","Maquipucuna_July_1508",-78.628906,0.10815,"1545.340820","2017-07-13T12:41:53Z","1508","Flag, Blue",NA,NA,NA,NA,NA,"1508",2017-07-13 12:41:53,"Maquipucuna_1508"
"43","13/07/2017","July","2017","Maquipucuna","Palicourea demissa",6,"5","Ocreatus underwoodii","","Maquipucuna_July_1563",-78.629437,0.10515,"1657.333984","2017-07-13T14:11:56Z","1563","Flag, Blue",NA,NA,NA,NA,NA,"1563",2017-07-13 14:11:56,"Maquipucuna_1563"
"44","13/08/2017","August","2017","Maquipucuna","Columnea mastersonii",4,"5","Phaethornis syrmatophorus","","Maquipucuna_August_1657",-78.628573,0.108576,"1524.469604","2017-08-13T12:56:08Z","1657","Flag, Blue",NA,NA,NA,NA,NA,"1657",2017-08-13 12:56:08,"Maquipucuna_1657"
"45","13/08/2017","August","2017","Maquipucuna","Heliconia virginalis",2,"3","Thalurania fannyi","male","Maquipucuna_August_1660",-78.628697,0.108424,"1537.390381","2017-08-13T13:07:06Z","1660","Flag, Blue",NA,NA,NA,NA,NA,"1660",2017-08-13 13:07:06,"Maquipucuna_1660"
"46","13/08/2017","August","2017","Maquipucuna","Columnea picta",2,"5","Phaethornis syrmatophorus","","Maquipucuna_August_1694",-78.628437,0.10682,"1614.086792","2017-08-13T14:00:15Z","1694","Flag, Blue",NA,NA,NA,NA,NA,"1694",2017-08-13 14:00:15,"Maquipucuna_1694"
"47","13/08/2017","August","2017","Maquipucuna","Palicourea demissa",17,"6","Ocreatus underwoodii","female","Maquipucuna_August_1706",-78.629441,0.106182,"1646.203979","2017-08-13T14:19:10Z","1706","Flag, Blue",NA,NA,NA,NA,NA,"1706",2017-08-13 14:19:10,"Maquipucuna_1706"
"48","13/08/2017","August","2017","Maquipucuna","Palicourea demissa",3,"4","Ocreatus underwoodii","female","Maquipucuna_August_1743",-78.627857,0.102361,"1716.212402","2017-08-13T15:32:15Z","1743","Flag, Blue",NA,NA,NA,NA,NA,"1743",2017-08-13 15:32:15,"Maquipucuna_1743"
"49","08/10/2017","October","2017","Maquipucuna","Besleria solanoides",7,"4","Ocreatus underwoodii","","Maquipucuna_October_673",-78.629474,0.106065,"1651.482666","2017-10-08T14:16:12Z","673","Flag, Blue",NA,NA,NA,NA,NA,"673",2017-10-08 14:16:12,"Maquipucuna_673"
"50","08/10/2017","October","2017","Maquipucuna","Besleria solanoides",7,"4","Ocreatus underwoodii","","Maquipucuna_October_695",-78.629138,0.104221,"1691.611572","2017-10-08T14:44:07Z","695","Flag, Blue",NA,NA,NA,NA,NA,"695",2017-10-08 14:44:07,"Maquipucuna_695"
"51","19/11/2017","November","2017","Maquipucuna","Psammisia aberrans",107,"7","Ocreatus underwoodii","female","Maquipucuna_November_1639",-78.629568,0.106948,"1592.823486","2017-11-19T13:29:53Z","1639","Flag, Blue",NA,NA,NA,NA,NA,"1639",2017-11-19 13:29:53,"Maquipucuna_1639"
"52","19/11/2017","November","2017","Maquipucuna","Psammisia aberrans",60,"4","Ocreatus underwoodii","female","Maquipucuna_November_1670",-78.62935,0.106269,"1644.282715","2017-11-19T14:13:46Z","1670","Flag, Blue",NA,NA,NA,NA,NA,"1670",2017-11-19 14:13:46,"Maquipucuna_1670"
"53","19/11/2017","November","2017","Maquipucuna","Psammisia aberrans",124,"5","Ocreatus underwoodii","female","Maquipucuna_November_1674",-78.629455,0.106134,"1647.470215","2017-11-19T14:17:41Z","1674","Flag, Blue",NA,NA,NA,NA,NA,"1674",2017-11-19 14:17:41,"Maquipucuna_1674"
"54","19/11/2017","November","2017","Maquipucuna","Cuatresia exiguiflora",6,"4","Ocreatus underwoodii","female","Maquipucuna_November_1708",-78.628952,0.103672,"1698.949829","2017-11-19T14:48:20Z","1708","Flag, Blue",NA,NA,NA,NA,NA,"1708",2017-11-19 14:48:20,"Maquipucuna_1708"
"55","12/01/2018","January","2018","Maquipucuna","Columnea mastersonii",2,"4","Aglaiocercus coelestis","heard only","Maquipucuna_January_720",-78.629009,0.103093,"1710.153687","2018-01-12T14:47:34Z","720","Flag, Blue",NA,NA,NA,NA,NA,"720",2018-01-12 14:47:34,"Maquipucuna_720"
"56","09/02/2018","February","2018","Maquipucuna","Columnea ciliata",2,"5","Phaethornis syrmatophorus","","Maquipucuna_February_808",-78.629199,0.107489,"1574.810547","2018-02-09T13:51:46Z","808","Flag, Blue",NA,NA,NA,NA,NA,"808",2018-02-09 13:51:46,"Maquipucuna_808"
"57","09/02/2018","February","2018","Maquipucuna","Wercklea ferox",5,"2","Schistes geoffroyi","","Maquipucuna_February_814",-78.629379,0.106939,"1596.394043","2018-02-09T14:05:41Z","814","Flag, Blue",NA,NA,NA,NA,NA,"814",2018-02-09 14:05:41,"Maquipucuna_814"
"58","09/02/2018","February","2018","Maquipucuna","Mezobromelia capituligera",3,"5","Heliodoxa rubinoides","","Maquipucuna_February_860",-78.628611,0.10259,"1719.983521","2018-02-09T15:45:14Z","860","Flag, Blue",NA,NA,NA,NA,NA,"860",2018-02-09 15:45:14,"Maquipucuna_860"
"59","24/04/2018","April","2018","Maquipucuna","Palicourea demissa",22,"4","Phaethornis yaruqui","","Maquipucuna_April_1925",-78.634225,0.119129,"1364.485596","2017-04-08T12:10:11Z","1925","Flag, Blue",NA,NA,NA,NA,NA,"1925",2017-04-08 12:10:11,"Maquipucuna_1925"
"60","24/04/2018","April","2018","Maquipucuna","Palicourea demissa",22,"4","Phaethornis yaruqui","","Maquipucuna_April_1925",-78.628583,0.108738,"1555.699219","2018-04-24T12:32:03Z","1925","Flag, Blue",NA,NA,NA,NA,NA,"1925",2018-04-24 12:32:03,"Maquipucuna_1925"
"61","24/04/2018","April","2018","Maquipucuna","Palicourea demissa",18,"5","Ocreatus underwoodii","female","Maquipucuna_April_1935",-78.635319,0.11754,"1367.815674","2017-04-08T12:35:39Z","1935","Flag, Blue",NA,NA,NA,NA,NA,"1935",2017-04-08 12:35:39,"Maquipucuna_1935"
"62","24/04/2018","April","2018","Maquipucuna","Palicourea demissa",18,"5","Ocreatus underwoodii","female","Maquipucuna_April_1935",-78.628692,0.107688,"1575.249268","2018-04-24T12:47:43Z","1935","Flag, Blue",NA,NA,NA,NA,NA,"1935",2018-04-24 12:47:43,"Maquipucuna_1935"
"63","24/04/2018","April","2018","Maquipucuna","Palicourea demissa",25,"4","Doryfera ludovicae","Can you believe it??","Maquipucuna_April_1940",-78.635171,0.116981,"1367.551758","2017-04-08T12:42:05Z","1940","Flag, Blue",NA,NA,NA,NA,NA,"1940",2017-04-08 12:42:05,"Maquipucuna_1940"
"64","24/04/2018","April","2018","Maquipucuna","Palicourea demissa",25,"4","Doryfera ludovicae","Can you believe it??","Maquipucuna_April_1940",-78.628952,0.107574,"1579.687988","2018-04-24T13:00:27Z","1940","Flag, Blue",NA,NA,NA,NA,NA,"1940",2018-04-24 13:00:27,"Maquipucuna_1940"
"65","24/04/2018","April","2018","Maquipucuna","Palicourea demissa",31,"5","Coeligena wilsoni","","Maquipucuna_April_1956",-78.633457,0.114989,"1374.558228","2017-04-08T13:13:04Z","1956","Flag, Blue",NA,NA,NA,NA,NA,"1956",2017-04-08 13:13:04,"Maquipucuna_1956"
"66","24/04/2018","April","2018","Maquipucuna","Palicourea demissa",31,"5","Coeligena wilsoni","","Maquipucuna_April_1956",-78.628624,0.106489,"1632.546509","2018-04-24T13:40:32Z","1956","Flag, Blue",NA,NA,NA,NA,NA,"1956",2018-04-24 13:40:32,"Maquipucuna_1956"
"67","24/04/2018","April","2018","Maquipucuna","Palicourea demissa",15,"4","Urosticte benjamini","","Maquipucuna_April_1959",-78.633315,0.114938,"1375.269409","2017-04-08T13:15:49Z","1959","Flag, Blue",NA,NA,NA,NA,NA,"1959",2017-04-08 13:15:49,"Maquipucuna_1959"
"68","24/04/2018","April","2018","Maquipucuna","Palicourea demissa",15,"4","Urosticte benjamini","","Maquipucuna_April_1959",-78.628873,0.106367,"1638.416382","2018-04-24T13:43:43Z","1959","Flag, Blue",NA,NA,NA,NA,NA,"1959",2018-04-24 13:43:43,"Maquipucuna_1959"
"69","24/04/2018","April","2018","Maquipucuna","Palicourea demissa",5,"4","Ocreatus underwoodii","female","Maquipucuna_April_1982",-78.629027,0.103523,"1699.055176","2018-04-24T14:32:37Z","1982","Flag, Blue",NA,NA,NA,NA,NA,"1982",2018-04-24 14:32:37,"Maquipucuna_1982"
"70","24/04/2018","April","2018","Maquipucuna","Palicourea demissa",27,"5","Aglaiocercus coelestis","male","Maquipucuna_April_1987",-78.628943,0.103016,"1713.923584","2018-04-24T14:37:49Z","1987","Flag, Blue",NA,NA,NA,NA,NA,"1987",2018-04-24 14:37:49,"Maquipucuna_1987"
"71","21/05/2018","May","2018","Maquipucuna","Palicourea demissa",76,"6","Florisuga mellivora","male; I don't think I've ever seen one that deep inside of the forest","Maquipucuna_May_338",-78.629014,0.107796,"1525.733643","2018-05-21T13:40:36Z","338","Flag, Blue",NA,NA,NA,NA,NA,"338",2018-05-21 13:40:36,"Maquipucuna_338"
"72","21/05/2018","May","2018","Maquipucuna","Palicourea demissa",16,"5","Ocreatus underwoodii","female","Maquipucuna_May_408",-78.628988,0.103455,"1698.332031","2018-05-21T15:12:45Z","408","Flag, Blue",NA,NA,NA,NA,NA,"408",2018-05-21 15:12:45,"Maquipucuna_408"
"73","13/05/2017","May","2017","MSPC","Bromelia paniculata",2,"8","Androdon aequatorialis",NA,"MSPC_May_74",NA,NA,NA,NA,NA,NA,NA,NA,NA,NA,NA,NA,NA,NA
"74","20/06/2017","June","2017","MSPC","Psammisia pauciflora",7,"5","Phaethornis yaruqui",NA,"MSPC_June_389",NA,NA,NA,NA,NA,NA,NA,NA,NA,NA,NA,NA,NA,NA
"75","21/03/2018","March","2018","MSPC","Palicourea sodiroi",12,"2","Aglaiocercus kingii",NA,"MSPC_March_379",NA,NA,NA,NA,NA,NA,NA,NA,NA,NA,NA,NA,NA,NA
"76","18/08/2017","August","2017","MashpiLaguna","Columnea rubriacuta",5,"1","Phaethornis syrmatophorus",NA,"MashpiLaguna_August_1048",-78.871256,0.170201,"1156.052","2017-08-18T13:59:30Z","1048","Flag, Blue","Blue Flag","1048",NA,NA,NA,"1048",2017-08-18 13:59:30,"MashpiLaguna_1048"
"77","18/08/2017","August","2017","MashpiLaguna","Glossoloma sprucei",11,"1","Phaethornis syrmatophorus",NA,"MashpiLaguna_August_1079",-78.866718,0.172807,"1282.552","2017-08-18T16:53:37Z","1079","Flag, Blue","Blue Flag","1079",NA,NA,NA,"1079",2017-08-18 16:53:37,"MashpiLaguna_1079"
"78","22/01/2018","January","2018","MashpiLaguna","Psammisia caloneura",24,"1.5","Phaethornis yaruqui","cámara","MashpiLaguna_January_9",NA,NA,NA,NA,NA,NA,NA,NA,NA,NA,NA,NA,NA,NA
"79","22/01/2018","January","2018","MashpiLaguna","Besleria solanoides",20,"3","Aglaiocercus coelestis",NA,"MashpiLaguna_January_16",NA,NA,NA,NA,NA,NA,NA,NA,NA,NA,NA,NA,NA,NA
"80","22/01/2018","January","2018","MashpiLaguna","Anthopterus ecuadorensis",4,"0.5","Boissonneaua jardini",NA,"MashpiLaguna_January_50",NA,NA,NA,NA,NA,NA,NA,NA,NA,NA,NA,NA,NA,NA
"81","21/03/2018","March","2018","MashpiLaguna","Cavendishia venosa",8,"11","Coeligena",NA,"MashpiLaguna_March_718",-78.870379,0.170565,"1182.287231","2018-03-21T14:02:32Z","718","Flag, Blue",NA,NA,NA,NA,NA,"718",2018-03-21 14:02:32,"MashpiLaguna_718"
"82","21/03/2018","March","2018","MashpiLaguna","Psammisia ulbrichiana",6,"15","Coeligena",NA,"MashpiLaguna_March_728",-78.869763,0.171131,"1209.884644","2018-03-21T14:41:21Z","728","Flag, Blue",NA,NA,NA,NA,NA,"728",2018-03-21 14:41:21,"MashpiLaguna_728"
"83",NA,NA,NA,NA,"Psammisia ulbrichiana",7,"10","Coeligena",NA,"NA_NA_NA",NA,NA,NA,NA,NA,NA,NA,NA,NA,NA,NA,NA,NA,NA
"84",NA,NA,NA,NA,"Psammisia ulbrichiana",8,"10","Coeligena",NA,"NA_NA_NA",NA,NA,NA,NA,NA,NA,NA,NA,NA,NA,NA,NA,NA,NA
"85",NA,NA,NA,NA,"Columnea rubriacuta",4,"2","Aglaiocercus coelestis",NA,"NA_NA_NA",NA,NA,NA,NA,NA,NA,NA,NA,NA,NA,NA,NA,NA,NA
"86",NA,NA,NA,NA,"Gasteranthus pansamalanus",1,"2","Aglaiocercus coelestis",NA,"NA_NA_NA",NA,NA,NA,NA,NA,NA,NA,NA,NA,NA,NA,NA,NA,NA
"87",NA,NA,NA,NA,"Anthopterus ecuadorensis",2,"7","Ocreatus underwoodi",NA,"NA_NA_NA",NA,NA,NA,NA,NA,NA,NA,NA,NA,NA,NA,NA,NA,NA
"88","43122",NA,NA,"Sachatamia","Renealmia sessilifolia",3,"1","Aglaiocercus coelestis","fly","Sachatamia_NA_1402",NA,NA,NA,NA,NA,NA,NA,NA,NA,NA,NA,NA,NA,NA
"89","23/09/2017","September","2017","UnPocoDelChoco","Palicourea guianensis",7,"5","Heliodoxa jacula",NA,"UnPocoDelChoco_September_149",-78.8430521,0.0530687,"1184.2207031","23-SEP-17 7:55:44","149","Pin, Green",NA,"SymbolAndName",NA,"23-SEP-17 7:55:44","23-SEP-17 7:55:44","149",2017-09-23 07:55:44,"UnPocoDelChoco_149"
"90","18/03/2017","March","2017","Verdecocha","Fuchsia cinerea",13,"10","Coeligena lutetiae","0-25","Verdecocha_March_NA",NA,NA,NA,NA,NA,NA,NA,NA,NA,NA,NA,NA,NA,NA
"91","18/03/2017","March","2017","Verdecocha","Macleania rupestris",15,"5","Metallura tyrianthina",NA,"Verdecocha_March_372",-78.59623877,-0.12317634,"3417.587","18-MAR-17 9:03:52","372","Navaid, Orange","Navaid, Orange","372",NA,"18-MAR-17 9:03:52",NA,"372",2017-03-18 09:03:52,"Verdecocha_372"
"92","18/03/2017","March","2017","Verdecocha","Miconia corymbiformis",11,"7","Coeligena lutetiae",NA,"Verdecocha_March_373",-78.59643466,-0.12284668,"3401.245","18-MAR-17 9:11:53","373","Navaid, Orange","Navaid, Orange","373",NA,"18-MAR-17 9:11:53",NA,"373",2017-03-18 09:11:53,"Verdecocha_373"
"93","18/03/2017","March","2017","Verdecocha","Macleania rupestris",4,"6","Eriocnemis luciani",NA,"Verdecocha_March_423",-78.59733932,-0.11643612,"3401.965","18-MAR-17 11:57:59","423","Navaid, Orange","Navaid, Orange","423",NA,"18-MAR-17 11:57:59",NA,"423",2017-03-18 11:57:59,"Verdecocha_423"
"94","18/03/2017","March","2017","Verdecocha","Macleania rupestris",4,"6","Eriocnemis luciani",NA,"Verdecocha_March_423",-78.595018,-0.124941,"3299.146","2018-03-07T13:52:29Z","423","Flag, Blue","Blue Flag","423",NA,NA,NA,"423",2018-03-07 13:52:29,"Verdecocha_423"
"95","18/03/2017","March","2017","Verdecocha","Macleania rupestris",6,"7","Eriocnemis luciani",NA,"Verdecocha_March_427",-78.59779697,-0.11573397,"3406.051","18-MAR-17 12:19:46","427","Navaid, Orange","Navaid, Orange","427",NA,"18-MAR-17 12:19:46",NA,"427",2017-03-18 12:19:46,"Verdecocha_427"
"96","18/03/2017","March","2017","Verdecocha","Macleania rupestris",6,"7","Eriocnemis luciani",NA,"Verdecocha_March_427",-78.595153,-0.124363,"3316.631","2018-03-07T14:02:45Z","427","Flag, Blue","Blue Flag","427",NA,NA,NA,"427",2018-03-07 14:02:45,"Verdecocha_427"
"97","18/03/2017","March","2017","Verdecocha","Disterigma noyesiae",3,"1","Metallura tyrianthina",NA,"Verdecocha_March_429",-78.59781373,-0.11551076,"3413.742","18-MAR-17 12:30:04","429","Navaid, Orange","Navaid, Orange","429",NA,"18-MAR-17 12:30:04",NA,"429",2017-03-18 12:30:04,"Verdecocha_429"
"98","18/03/2017","March","2017","Verdecocha","Disterigma noyesiae",3,"1","Metallura tyrianthina",NA,"Verdecocha_March_429",-78.595202,-0.124192,"3325.017","2018-03-07T14:05:29Z","429","Flag, Blue","Blue Flag","429",NA,NA,NA,"429",2018-03-07 14:05:29,"Verdecocha_429"
"99","04/04/2017","April","2017","Verdecocha","Salvia pichinchensis",12,"6","Pterophanes cyanopterus","3 sec; flor morada","Verdecocha_April_92",NA,NA,NA,NA,NA,NA,NA,NA,NA,NA,NA,NA,NA,NA
"100","04/04/2017","April","2017","Verdecocha","Macleania rupestris",9,"8","Eriocnemis luciani",NA,"Verdecocha_April_95",NA,NA,NA,NA,NA,NA,NA,NA,NA,NA,NA,NA,NA,NA
"101","04/04/2017","April","2017","Verdecocha","Miconia corymbiformis",2,"7","Metallura tyrianthina","3 flowers","Verdecocha_April_95",NA,NA,NA,NA,NA,NA,NA,NA,NA,NA,NA,NA,NA,NA
"102","04/04/2017","April","2017","Verdecocha","Macleania rupestris",30,"6","Coeligena lutetiae","2 ind","Verdecocha_April_98",NA,NA,NA,NA,NA,NA,NA,NA,NA,NA,NA,NA,NA,NA
"103","04/04/2017","April","2017","Verdecocha","Macleania rupestris",3,"4","Eriocnemis luciani",NA,"Verdecocha_April_103",-78.595626,-0.123499,"3420.638","2017-04-04T14:12:46Z","103","Flag, Blue","Blue Flag","103",NA,NA,NA,"103",2017-04-04 14:12:46,"Verdecocha_103"
"104","04/04/2017","April","2017","Verdecocha","Deprea granulosa",1,"2","Metallura tyrianthina","lila","Verdecocha_April_134",-78.597681,-0.121572,"3393.897","2017-04-04T15:43:51Z","134","Flag, Blue","Blue Flag","134",NA,NA,NA,"134",2017-04-04 15:43:51,"Verdecocha_134"
"105","04/04/2017","April","2017","Verdecocha","Macleania rupestris",6,"4","Eriocnemis luciani",NA,"Verdecocha_April_196",-78.597216,-0.117397,"3377.266","2017-04-04T18:29:52Z","196","Flag, Blue","Blue Flag","196",NA,NA,NA,"196",2017-04-04 18:29:52,"Verdecocha_196"
"106","04/04/2017","April","2017","Verdecocha","Disterigma noyesiae",7,"2","Eriocnemis luciani",NA,"Verdecocha_April_221",-78.597942,-0.115347,"3401.760","2017-04-04T19:12:36Z","221","Flag, Blue","Blue Flag","221",NA,NA,NA,"221",2017-04-04 19:12:36,"Verdecocha_221"
"107","05/05/2017","May","2017","Verdecocha","Macleania rupestris",7,"4","Coeligena lutetiae",NA,"Verdecocha_May_301",-78.595105,-0.124415,"3407.950","2017-05-05T13:16:03Z","301","Flag, Blue","Blue Flag","301",NA,NA,NA,"301",2017-05-05 13:16:03,"Verdecocha_301"
"108","05/05/2017","May","2017","Verdecocha","Macleania rupestris",40,"8","Metallura tyrianthina",NA,"Verdecocha_May_307",-78.595303,-0.123914,"3410.643","2017-05-05T13:34:14Z","307","Flag, Blue","Blue Flag","307",NA,NA,NA,"307",2017-05-05 13:34:14,"Verdecocha_307"
"109","05/05/2017","May","2017","Verdecocha","Deprea granulosa",27,"3","Metallura tyrianthina","lila","Verdecocha_May_332",-78.597668,-0.121584,"3404.664","2017-05-05T15:31:44Z","332","Flag, Blue","Blue Flag","332",NA,NA,NA,"332",2017-05-05 15:31:44,"Verdecocha_332"
"110","05/05/2017","May","2017","Verdecocha","Palicourea fuchsioides",21,"2","Eriocnemis nigrivestis",NA,"Verdecocha_May_361",-78.597618,-0.11871,"3384.376","2017-05-05T17:16:03Z","361","Flag, Blue","Blue Flag","361",NA,NA,NA,"361",2017-05-05 17:16:03,"Verdecocha_361"
"111","12/06/2017","June","2017","Verdecocha","Miconia corymbiformis",4,"6","Metallura tyrianthina",NA,"Verdecocha_June_102",-78.595074,-0.12481,"3446.668","2017-06-12T13:52:17Z","102","Flag, Blue","Blue Flag","102",NA,NA,NA,"102",2017-06-12 13:52:17,"Verdecocha_102"
"112","12/06/2017","June","2017","Verdecocha","Macleania rupestris",31,"7","Eriocnemis luciani","2 sec","Verdecocha_June_107",-78.595185,-0.124244,"3423.106","2017-06-12T14:02:01Z","107","Flag, Blue","Blue Flag","107",NA,NA,NA,"107",2017-06-12 14:02:01,"Verdecocha_107"
"113","12/06/2017","June","2017","Verdecocha","Siphocampylus rupestris",23,"5","Coeligena lutetiae",NA,"Verdecocha_June_108",-78.595258,-0.123957,"3426.152","2017-06-12T14:10:15Z","108","Flag, Blue","Blue Flag","108",NA,NA,NA,"108",2017-06-12 14:10:15,"Verdecocha_108"
"114","12/06/2017","June","2017","Verdecocha","Macleania rupestris",4,"5","Eriocnemis luciani",NA,"Verdecocha_June_144",-78.597739,-0.119619,"3376.798","2017-06-12T16:25:14Z","144","Flag, Blue","Blue Flag","144",NA,NA,NA,"144",2017-06-12 16:25:14,"Verdecocha_144"
"115","12/06/2017","June","2017","Verdecocha","Thibaudia floribunda",47,"5","Metallura tyrianthina",NA,"Verdecocha_June_188",-78.597793,-0.115693,"3403.925","2017-06-12T18:23:05Z","188","Flag, Blue","Blue Flag","188",NA,NA,NA,"188",2017-06-12 18:23:05,"Verdecocha_188"
"116","12/06/2017","June","2017","Verdecocha","Clethra ovalifolia",352,"2","Metallura tyrianthina","flor muy pequeña color crema","Verdecocha_June_190",-78.597934,-0.115191,"3418.807","2017-06-12T18:33:24Z","190","Flag, Blue","Blue Flag","190",NA,NA,NA,"190",2017-06-12 18:33:24,"Verdecocha_190"
"117","11/07/2017","July","2017","Verdecocha","Miconia corymbiformis",5,"8","Metallura tyrianthina",NA,"Verdecocha_July_451",-78.595154,-0.124322,"3324.242","2017-07-11T13:26:00Z","451","Flag, Blue","Blue Flag","451",NA,NA,NA,"451",2017-07-11 13:26:00,"Verdecocha_451"
"118","10/08/2017","August","2017","Verdecocha","Miconia corymbiformis",14,"7","Ramphomicron microrhynchum",NA,"Verdecocha_August_655",-78.595194,-0.12428,"3433.444","2017-08-10T13:30:11Z","655","Flag, Blue","Blue Flag","655",NA,NA,NA,"655",2017-08-10 13:30:11,"Verdecocha_655"
"119","10/08/2017","August","2017","Verdecocha","Salvia pichinchensis",10,"2","Lafresnaya lafresnayi","female","Verdecocha_August_655",-78.595194,-0.12428,"3433.444","2017-08-10T13:30:11Z","655","Flag, Blue","Blue Flag","655",NA,NA,NA,"655",2017-08-10 13:30:11,"Verdecocha_655"
"120","10/08/2017","August","2017","Verdecocha","Thibaudia floribunda",83,"4","Metallura tyrianthina",NA,"Verdecocha_August_677",-78.597174,-0.122343,"3414.284","2017-08-10T14:41:49Z","677","Flag, Blue","Blue Flag","677",NA,NA,NA,"677",2017-08-10 14:41:49,"Verdecocha_677"
"121","10/08/2017","August","2017","Verdecocha","Racinaea tetrantha",13,"5","Metallura tyrianthina",NA,"Verdecocha_August_678",-78.597248,-0.122299,"3417.785","2017-08-10T14:45:20Z","678","Flag, Blue","Blue Flag","678",NA,NA,NA,"678",2017-08-10 14:45:20,"Verdecocha_678"
"122","10/08/2017","August","2017","Verdecocha","Thibaudia floribunda",159,"3","Metallura tyrianthina","female","Verdecocha_August_679",-78.597291,-0.122321,"3419.186","2017-08-10T14:47:03Z","679","Flag, Blue","Blue Flag","679",NA,NA,NA,"679",2017-08-10 14:47:03,"Verdecocha_679"
"123","10/08/2017","August","2017","Verdecocha","Racinaea tetrantha",13,"9","Metallura tyrianthina",NA,"Verdecocha_August_713",-78.597596,-0.11888,"3376.666","2017-08-10T16:46:51Z","713","Flag, Blue","Blue Flag","713",NA,NA,NA,"713",2017-08-10 16:46:51,"Verdecocha_713"
"124","10/08/2017","August","2017","Verdecocha","Palicourea fuchsioides",52,"2","Eriocnemis nigrivestis","male","Verdecocha_August_715",-78.597572,-0.118711,"3377.566","2017-08-10T16:53:05Z","715","Flag, Blue","Blue Flag","715",NA,NA,NA,"715",2017-08-10 16:53:05,"Verdecocha_715"
"125","10/08/2017","August","2017","Verdecocha","Racinaea tetrantha",3,"6","Metallura tyrianthina",NA,"Verdecocha_August_723",-78.597321,-0.118052,"3380.888","2017-08-10T17:20:13Z","723","Flag, Blue","Blue Flag","723",NA,NA,NA,"723",2017-08-10 17:20:13,"Verdecocha_723"
"126","10/08/2017","August","2017","Verdecocha","Racinaea tetrantha",3,"4","Metallura tyrianthina",NA,"Verdecocha_August_728",-78.59724,-0.117652,"3379.390","2017-08-10T17:30:30Z","728","Flag, Blue","Blue Flag","728",NA,NA,NA,"728",2017-08-10 17:30:30,"Verdecocha_728"
"127","10/08/2017","August","2017","Verdecocha","Racinaea tetrantha",5,"2","Metallura tyrianthina",NA,"Verdecocha_August_735",-78.597318,-0.116806,"3398.996","2017-08-10T17:50:45Z","735","Flag, Blue","Blue Flag","735",NA,NA,NA,"735",2017-08-10 17:50:45,"Verdecocha_735"
"128","06/09/2017","September","2017","Verdecocha","Miconia corymbiformis",18,"6","Eriocnemis luciani",NA,"Verdecocha_September_8",NA,NA,NA,NA,NA,NA,NA,NA,NA,NA,NA,NA,NA,NA
"129","06/09/2017","September","2017","Verdecocha","Heppiella repens",28,"6","Metallura tyrianthina","female","Verdecocha_September_20",NA,NA,NA,NA,NA,NA,NA,NA,NA,NA,NA,NA,NA,NA
"130","06/09/2017","September","2017","Verdecocha","Racinaea tetrantha",21,"5","Metallura tyrianthina",NA,"Verdecocha_September_31",NA,NA,NA,NA,NA,NA,NA,NA,NA,NA,NA,NA,NA,NA
"131","06/09/2017","September","2017","Verdecocha","Thibaudia floribunda",15,"6","Metallura tyrianthina",NA,"Verdecocha_September_93",NA,NA,NA,NA,NA,NA,NA,NA,NA,NA,NA,NA,NA,NA
"132","07/10/2017","October","2017","Verdecocha","Miconia corymbiformis",6,"7","Eriocnemis luciani",NA,"Verdecocha_October_308",-78.594995,-0.125162,"3469.361","2017-10-07T13:26:00Z","308","Flag, Blue","Blue Flag","308",NA,NA,NA,"308",2017-10-07 13:26:00,"Verdecocha_308"
"133","07/10/2017","October","2017","Verdecocha","Miconia bracteolata",NA,"9","Metallura tyrianthina","2 ind","Verdecocha_October_311",-78.594965,-0.12496,"3452.957","2017-10-07T13:36:03Z","311","Flag, Blue","Blue Flag","311",NA,NA,NA,"311",2017-10-07 13:36:03,"Verdecocha_311"
"134","07/10/2017","October","2017","Verdecocha","Miconia bracteolata",NA,"9","Ramphomicron microrhynchum","2 ind","Verdecocha_October_311",-78.594965,-0.12496,"3452.957","2017-10-07T13:36:03Z","311","Flag, Blue","Blue Flag","311",NA,NA,NA,"311",2017-10-07 13:36:03,"Verdecocha_311"
"135","07/10/2017","October","2017","Verdecocha","Miconia bracteolata",NA,"8","Ramphomicron microrhynchum",NA,"Verdecocha_October_318",-78.595144,-0.124271,"3413.602","2017-10-07T13:56:17Z","318","Flag, Blue","Blue Flag","318",NA,NA,NA,"318",2017-10-07 13:56:17,"Verdecocha_318"
"136","07/10/2017","October","2017","Verdecocha","Miconia bracteolata",NA,"7","Ramphomicron microrhynchum",NA,"Verdecocha_October_322",-78.595217,-0.123993,"3415.076","2017-10-07T14:12:17Z","322","Flag, Blue","Blue Flag","322",NA,NA,NA,"322",2017-10-07 14:12:17,"Verdecocha_322"
"137","07/10/2017","October","2017","Verdecocha","Racinaea tetrantha",6,"6","Eriocnemis luciani",NA,"Verdecocha_October_330",-78.596065,-0.123169,"3426.553","2017-10-07T14:36:16Z","330","Flag, Blue","Blue Flag","330",NA,NA,NA,"330",2017-10-07 14:36:16,"Verdecocha_330"
"138","07/10/2017","October","2017","Verdecocha","Miconia bracteolata",NA,"7","Ramphomicron microrhynchum",NA,"Verdecocha_October_338",-78.59673,-0.122638,"3425.529","2017-10-07T15:02:16Z","338","Flag, Blue","Blue Flag","338",NA,NA,NA,"338",2017-10-07 15:02:16,"Verdecocha_338"
"139","07/10/2017","October","2017","Verdecocha","Racinaea tetrantha",32,"5","Eriocnemis luciani","10 sec","Verdecocha_October_340",-78.596849,-0.122607,"3420.725","2017-10-07T15:14:00Z","340","Flag, Blue","Blue Flag","340",NA,NA,NA,"340",2017-10-07 15:14:00,"Verdecocha_340"
"140","07/10/2017","October","2017","Verdecocha","Racinaea tetrantha",12,"9","Eriocnemis luciani",NA,"Verdecocha_October_345",-78.597342,-0.122178,"3429.376","2017-10-07T15:30:47Z","345","Flag, Blue","Blue Flag","345",NA,NA,NA,"345",2017-10-07 15:30:47,"Verdecocha_345"
"141","07/10/2017","October","2017","Verdecocha","Racinaea tetrantha",2,"6","Metallura tyrianthina",NA,"Verdecocha_October_350",-78.597515,-0.121817,"3423.603","2017-10-07T15:43:39Z","350","Flag, Blue","Blue Flag","350",NA,NA,NA,"350",2017-10-07 15:43:39,"Verdecocha_350"
"142","07/10/2017","October","2017","Verdecocha","Racinaea tetrantha",24,"8","Eriocnemis luciani",NA,"Verdecocha_October_369",-78.597715,-0.120393,"3389.345","2017-10-07T16:15:40Z","369","Flag, Blue","Blue Flag","369",NA,NA,NA,"369",2017-10-07 16:15:40,"Verdecocha_369"
"143","07/10/2017","October","2017","Verdecocha","Thibaudia floribunda",9,"1","Metallura tyrianthina",NA,"Verdecocha_October_377",-78.597678,-0.119746,"3389.216","2017-10-07T16:31:54Z","377","Flag, Blue","Blue Flag","377",NA,NA,NA,"377",2017-10-07 16:31:54,"Verdecocha_377"
"144","07/10/2017","October","2017","Verdecocha","Bomarea patacocensis",26,"3","Coeligena lutetiae","Bomarea multiflora?","Verdecocha_October_384",-78.597681,-0.119149,"3388.253","2017-10-07T16:45:00Z","384","Flag, Blue","Blue Flag","384",NA,NA,NA,"384",2017-10-07 16:45:00,"Verdecocha_384"
"145","07/10/2017","October","2017","Verdecocha","Palicourea fuchsioides",9,"2","Metallura tyrianthina","2 ind","Verdecocha_October_421",-78.598006,-0.115197,"3432.474","2017-10-07T18:13:42Z","421","Flag, Blue","Blue Flag","421",NA,NA,NA,"421",2017-10-07 18:13:42,"Verdecocha_421"
"146","07/11/2017","November","2017","Verdecocha","Columnea dielsii",11,"4","Coeligena lutetiae",NA,"Verdecocha_November_4",NA,NA,NA,NA,NA,NA,NA,NA,NA,NA,NA,NA,NA,NA
"147","07/11/2017","November","2017","Verdecocha","Columnea dielsii",5,"5","Coeligena lutetiae",NA,"Verdecocha_November_4",NA,NA,NA,NA,NA,NA,NA,NA,NA,NA,NA,NA,NA,NA
"148","07/11/2017","November","2017","Verdecocha","Macleania rupestris",4,"4","Eriocnemis luciani",NA,"Verdecocha_November_87",NA,NA,NA,NA,NA,NA,NA,NA,NA,NA,NA,NA,NA,NA
"149","10/12/2017","December","2017","Verdecocha","Miconia corymbiformis",18,"6","Metallura tyrianthina",NA,"Verdecocha_December_494",-78.596046,-0.123132,"3431.302","2017-12-10T14:06:08Z","494","Flag, Blue","Blue Flag","494",NA,NA,NA,"494",2017-12-10 14:06:08,"Verdecocha_494"
"150","10/12/2017","December","2017","Verdecocha","Miconia corymbiformis",4,"7","Eriocnemis luciani",NA,"Verdecocha_December_502",-78.596957,-0.122505,"3414.438","2017-12-10T14:31:18Z","502","Flag, Blue","Blue Flag","502",NA,NA,NA,"502",2017-12-10 14:31:18,"Verdecocha_502"
"151","10/12/2017","December","2017","Verdecocha","Palicourea amethystina",13,"4","Eriocnemis luciani",NA,"Verdecocha_December_546",-78.597338,-0.116982,"3385.776","2017-12-10T16:16:25Z","546","Flag, Blue","Blue Flag","546",NA,NA,NA,"546",2017-12-10 16:16:25,"Verdecocha_546"
"152","10/12/2017","December","2017","Verdecocha","Epidendrum mesogastropodium",22,"4","Metallura tyrianthina",NA,"Verdecocha_December_561",-78.597978,-0.11518,"3416.397","2017-12-10T16:46:52Z","561","Flag, Blue","Blue Flag","561",NA,NA,NA,"561",2017-12-10 16:46:52,"Verdecocha_561"
"153","10/01/2018","January","2018","Verdecocha","Columnea dielsii",6,"3","Coeligena lutetiae","female","Verdecocha_January_104",-78.595066,-0.124545,"3428.302","2018-01-10T13:29:35Z","104","Flag, Blue","Blue Flag","104",NA,NA,NA,"104",2018-01-10 13:29:35,"Verdecocha_104"
"154","10/01/2018","January","2018","Verdecocha","Columnea dielsii",38,"4","Coeligena lutetiae",NA,"Verdecocha_January_115",-78.596196,-0.122982,"3425.236","2018-01-10T14:00:05Z","115","Flag, Blue","Blue Flag","115",NA,NA,NA,"115",2018-01-10 14:00:05,"Verdecocha_115"
"155","10/01/2018","January","2018","Verdecocha","Disterigma noyesiae",2,"5","Metallura tyrianthina",NA,"Verdecocha_January_149",-78.597485,-0.118541,"3380.270","2018-01-10T15:36:52Z","149","Flag, Blue","Blue Flag","149",NA,NA,NA,"149",2018-01-10 15:36:52,"Verdecocha_149"
"156","10/01/2018","January","2018","Verdecocha","Disterigma noyesiae",2,"5","Metallura tyrianthina",NA,"Verdecocha_January_180",-78.59791,-0.115321,"3412.296","2018-01-10T16:52:15Z","180","Flag, Blue","Blue Flag","180",NA,NA,NA,"180",2018-01-10 16:52:15,"Verdecocha_180"
"157","04/04/2018","April","2018","Verdecocha","Macleania rupestris",NA,"4","Eriocnemis luciani",NA,"Verdecocha_April_1944",-78.597691,-0.120795,"3376.290","2018-04-04T15:16:21Z","1944","Flag, Blue","Blue Flag","1944",NA,NA,NA,"1944",2018-04-04 15:16:21,"Verdecocha_1944"
"158","04/04/2018","April","2018","Verdecocha","Columnea dielsii",NA,"0.5","Coeligena lutetiae",NA,"Verdecocha_April_1953",-78.597657,-0.120043,"3374.774","2018-04-04T15:30:50Z","1953","Flag, Blue","Blue Flag","1953",NA,NA,NA,"1953",2018-04-04 15:30:50,"Verdecocha_1953"
"159","04/04/2018","April","2018","Verdecocha","Macleania rupestris",NA,"4","Eriocnemis luciani",NA,"Verdecocha_April_1957",-78.597679,-0.11973,"3377.528","2018-04-04T15:36:32Z","1957","Flag, Blue","Blue Flag","1957",NA,NA,NA,"1957",2018-04-04 15:36:32,"Verdecocha_1957"
"160","08/02/2018","February","2018","Yanacocha D","Brachyotum ledifolium",6,"3","Metallura tyrianthina",NA,"Yanacocha D_February_1540",NA,NA,NA,NA,NA,NA,NA,NA,NA,NA,NA,NA,NA,NA
"161","08/02/2018","February","2018","Yanacocha D","Siphocampylus giganteus",4,"3","Eriocnemis luciani",NA,"Yanacocha D_February_1543",NA,NA,NA,NA,NA,NA,NA,NA,NA,NA,NA,NA,NA,NA
"162","08/02/2018","February","2018","Yanacocha D","Brachyotum ledifolium",16,"2","Metallura tyrianthina",NA,"Yanacocha D_February_1562",NA,NA,NA,NA,NA,NA,NA,NA,NA,NA,NA,NA,NA,NA
"163","08/02/2018","February","2018","Yanacocha D","Brachyotum ledifolium",2,"3","Eriocnemis luciani",NA,"Yanacocha D_February_1580",NA,NA,NA,NA,NA,NA,NA,NA,NA,NA,NA,NA,NA,NA
"164","17/03/2017","March","2017","Yanacocha","Columnea dielsii",2,"3","Coeligena lutetiae","GPS amarillo no buena señal","Yanacocha_March_32",NA,NA,NA,NA,NA,NA,NA,NA,NA,NA,NA,NA,NA,NA
"165","17/03/2017","March","2017","Yanacocha","Fuchsia cinerea",10,"5","Coeligena lutetiae","error 27 m en GPS","Yanacocha_March_33",NA,NA,NA,NA,NA,NA,NA,NA,NA,NA,NA,NA,NA,NA
"166","17/03/2017","March","2017","Yanacocha","Columnea dielsii",7,"6","Metallura tyrianthina","GPS amarillo no buena señal","Yanacocha_March_38",NA,NA,NA,NA,NA,NA,NA,NA,NA,NA,NA,NA,NA,NA
"167","17/03/2017","March","2017","Yanacocha","Fuchsia cinerea",7,"8","Metallura tyrianthina","Error GPS","Yanacocha_March_NA",NA,NA,NA,NA,NA,NA,NA,NA,NA,NA,NA,NA,NA,NA
"168","17/03/2017","March","2017","Yanacocha","Macleania rupestris",8,"3","Eriocnemis luciani","Error GPS","Yanacocha_March_NA",NA,NA,NA,NA,NA,NA,NA,NA,NA,NA,NA,NA,NA,NA
"169","17/03/2017","March","2017","Yanacocha","Columnea dielsii",2,"6","Coeligena lutetiae","error 20m en GPS","Yanacocha_March_43",NA,NA,NA,NA,NA,NA,NA,NA,NA,NA,NA,NA,NA,NA
"170","17/03/2017","March","2017","Yanacocha","Macleania rupestris",6,"3","Coeligena lutetiae","error 27m en GPS","Yanacocha_March_53",NA,NA,NA,NA,NA,NA,NA,NA,NA,NA,NA,NA,NA,NA
"171","17/03/2017","March","2017","Yanacocha","Columnea dielsii",6,"5","Coeligena lutetiae","error 58m en GPS","Yanacocha_March_60",NA,NA,NA,NA,NA,NA,NA,NA,NA,NA,NA,NA,NA,NA
"172","17/03/2017","March","2017","Yanacocha","Columnea dielsii",3,"3","Coeligena lutetiae",NA,"Yanacocha_March_NA",NA,NA,NA,NA,NA,NA,NA,NA,NA,NA,NA,NA,NA,NA
"173","17/03/2017","March","2017","Yanacocha","Centropogon pichinchensis",1,"2","Coeligena lutetiae","Error GPS","Yanacocha_March_NA",NA,NA,NA,NA,NA,NA,NA,NA,NA,NA,NA,NA,NA,NA
"174","17/03/2017","March","2017","Yanacocha","Columnea dielsii",18,"5","Coeligena lutetiae","error 14m en GPS","Yanacocha_March_66",NA,NA,NA,NA,NA,NA,NA,NA,NA,NA,NA,NA,NA,NA
"175","17/03/2017","March","2017","Yanacocha","Centropogon pichinchensis",1,"3","Coeligena lutetiae","error 14m en GPS","Yanacocha_March_76",NA,NA,NA,NA,NA,NA,NA,NA,NA,NA,NA,NA,NA,NA
"176","17/03/2017","March","2017","Yanacocha","Fuchsia cinerea",2,"4","Coeligena lutetiae","Error GPS","Yanacocha_March_NA",NA,NA,NA,NA,NA,NA,NA,NA,NA,NA,NA,NA,NA,NA
"177","04/04/2017","April","2017","Yanacocha","Tropaeolum tuberosum",25,"3","Coeligena lutetiae",NA,"Yanacocha_April_6",NA,NA,NA,NA,NA,NA,NA,NA,NA,NA,NA,NA,NA,NA
"178","04/04/2017","April","2017","Yanacocha","Macleania rupestris",8,"9","Coeligena lutetiae",NA,"Yanacocha_April_91",NA,NA,NA,NA,NA,NA,NA,NA,NA,NA,NA,NA,NA,NA
"179","04/04/2017","April","2017","Yanacocha","Tropaeolum tuberosum",19,"3","Metallura tyrianthina",NA,"Yanacocha_April_114",-78.590924,-0.125104,"3483.052","2017-04-04T17:04:46Z","114","Flag, Blue","Blue Flag","114",NA,NA,NA,"114",2017-04-04 17:04:46,"Yanacocha_114"
"180","06/05/2017","May","2017","Yanacocha","Salvia pichinchensis",9,"1","Coeligena lutetiae",NA,"Yanacocha_May_479",-78.590242,-0.12252,"3510.137","2017-05-06T17:53:20Z","479","Flag, Blue","Blue Flag","479",NA,NA,NA,"479",2017-05-06 17:53:20,"Yanacocha_479"
"181","06/05/2017","May","2017","Yanacocha","Centropogon pichinchensis",5,"1","Coeligena lutetiae",NA,"Yanacocha_May_481",-78.59037,-0.122534,"3502.666","2017-05-06T17:58:49Z","481","Flag, Blue","Blue Flag","481",NA,NA,NA,"481",2017-05-06 17:58:49,"Yanacocha_481"
"182","06/05/2017","May","2017","Yanacocha","Tropaeolum tuberosum",1,"1","Metallura tyrianthina",NA,"Yanacocha_May_519",-78.59075,-0.124745,"3481.693","2017-05-06T19:12:05Z","519","Flag, Blue","Blue Flag","519",NA,NA,NA,"519",2017-05-06 19:12:05,"Yanacocha_519"
"183","14/06/2017","June","2017","Yanacocha","Fuchsia cinerea",3,"2","Coeligena lutetiae","perching 10 sec","Yanacocha_June_205",-78.589969,-0.117184,"3517.506","2017-06-14T13:53:50Z","205","Flag, Blue","Blue Flag","205",NA,NA,NA,"205",2017-06-14 13:53:50,"Yanacocha_205"
"184","14/06/2017","June","2017","Yanacocha","Siphocampylus rupestris",62,"5","Coeligena lutetiae","30 sec","Yanacocha_June_215",-78.590313,-0.11786,"3499.764","2017-06-14T14:23:33Z","215","Flag, Blue","Blue Flag","215",NA,NA,NA,"215",2017-06-14 14:23:33,"Yanacocha_215"
"185","14/06/2017","June","2017","Yanacocha","Macleania rupestris",15,"3","Eriocnemis luciani",NA,"Yanacocha_June_217",-78.590372,-0.118086,"3498.517","2017-06-14T14:32:43Z","217","Flag, Blue","Blue Flag","217",NA,NA,NA,"217",2017-06-14 14:32:43,"Yanacocha_217"
"186","14/06/2017","June","2017","Yanacocha","Macleania rupestris",3,"3","Eriocnemis luciani",NA,"Yanacocha_June_223",-78.590423,-0.118544,"3507.148","2017-06-14T14:59:32Z","223","Flag, Blue","Blue Flag","223",NA,NA,NA,"223",2017-06-14 14:59:32,"Yanacocha_223"
"187","14/06/2017","June","2017","Yanacocha","Macleania rupestris",1,"4","Coeligena lutetiae",NA,"Yanacocha_June_225",-78.590495,-0.118824,"3510.404","2017-06-14T15:15:07Z","225","Flag, Blue","Blue Flag","225",NA,NA,NA,"225",2017-06-14 15:15:07,"Yanacocha_225"
"188","14/06/2017","June","2017","Yanacocha","Centropogon pichinchensis",18,"3","Coeligena lutetiae",NA,"Yanacocha_June_228",-78.590595,-0.119048,"3508.761","2017-06-14T15:24:27Z","228","Flag, Blue","Blue Flag","228",NA,NA,NA,"228",2017-06-14 15:24:27,"Yanacocha_228"
"189","14/06/2017","June","2017","Yanacocha","Disterigma noyesiae",20,"3","Metallura tyrianthina",NA,"Yanacocha_June_242",-78.590322,-0.120438,"3515.352","2017-06-14T16:45:42Z","242","Flag, Blue","Blue Flag","242",NA,NA,NA,"242",2017-06-14 16:45:42,"Yanacocha_242"
"190","14/06/2017","June","2017","Yanacocha","Siphocampylus rupestris",68,"2","Coeligena lutetiae",NA,"Yanacocha_June_268",-78.590335,-0.122584,"3502.216","2017-06-14T18:41:03Z","268","Flag, Blue","Blue Flag","268",NA,NA,NA,"268",2017-06-14 18:41:03,"Yanacocha_268"
"191","14/06/2017","June","2017","Yanacocha","Siphocampylus rupestris",26,"10","Coeligena lutetiae",NA,"Yanacocha_June_292",-78.590535,-0.124271,"3469.977","2017-06-14T19:38:25Z","292","Flag, Blue","Blue Flag","292",NA,NA,NA,"292",2017-06-14 19:38:25,"Yanacocha_292"
"192","14/06/2017","June","2017","Yanacocha","Centropogon pichinchensis",6,"10","Eriocnemis luciani",NA,"Yanacocha_June_308",-78.591082,-0.12568,"3472.768","2017-06-14T20:07:18Z","308","Flag, Blue","Blue Flag","308",NA,NA,NA,"308",2017-06-14 20:07:18,"Yanacocha_308"
"193","14/07/2017","July","2017","Yanacocha","Tropaeolum tuberosum",35,"4","Metallura tyrianthina",NA,"Yanacocha_July_140",-78.590619,-0.123651,"3470.194","2017-07-14T17:24:40Z","140","Flag, Blue","Blue Flag","140",NA,NA,NA,"140",2017-07-14 17:24:40,"Yanacocha_140"
"194","14/07/2017","July","2017","Yanacocha","Tropaeolum tuberosum",20,"2","Metallura tyrianthina","female","Yanacocha_July_145",-78.590508,-0.124123,"3469.212","2017-07-14T17:33:04Z","145","Flag, Blue","Blue Flag","145",NA,NA,NA,"145",2017-07-14 17:33:04,"Yanacocha_145"
"195","09/08/2017","August","2017","Yanacocha","Miconia corymbiformis",25,"8","Metallura tyrianthina",NA,"Yanacocha_August_548",-78.589479,-0.116397,"3488.662","2017-08-09T12:34:22Z","548","Flag, Blue","Blue Flag","548",NA,NA,NA,"548",2017-08-09 12:34:22,"Yanacocha_548"
"196","09/08/2017","August","2017","Yanacocha","Fuchsia cinerea",15,"2","Metallura tyrianthina","2 ind","Yanacocha_August_623",-78.590677,-0.123333,"3471.011","2017-08-09T18:05:47Z","623","Flag, Blue","Blue Flag","623",NA,NA,NA,"623",2017-08-09 18:05:47,"Yanacocha_623"
"197","09/08/2017","August","2017","Yanacocha","Miconia corymbiformis",43,"10","Metallura tyrianthina",NA,"Yanacocha_August_646",-78.591154,-0.125734,"3476.470","2017-08-09T18:46:26Z","646","Flag, Blue","Blue Flag","646",NA,NA,NA,"646",2017-08-09 18:46:26,"Yanacocha_646"
"198","09/09/2017","September","2017","Yanacocha","Tropaeolum tuberosum",40,"2","Eriocnemis luciani",NA,"Yanacocha_September_125",-78.589818,-0.117101,"3503.376","2017-09-08T13:24:44Z","125","Flag, Blue","Blue Flag","125",NA,NA,NA,"125",2017-09-08 13:24:44,"Yanacocha_125"
"199","09/09/2017","September","2017","Yanacocha","Centropogon pichinchensis",2,"1","Metallura tyrianthina",NA,"Yanacocha_September_125",-78.589818,-0.117101,"3503.376","2017-09-08T13:24:44Z","125","Flag, Blue","Blue Flag","125",NA,NA,NA,"125",2017-09-08 13:24:44,"Yanacocha_125"
"200","09/09/2017","September","2017","Yanacocha","Racinaea tetrantha",5,"8","Ramphomicron microrhynchum","female","Yanacocha_September_128",-78.589971,-0.117381,"3506.715","2017-09-08T13:34:48Z","128","Flag, Blue","Blue Flag","128",NA,NA,NA,"128",2017-09-08 13:34:48,"Yanacocha_128"
"201","09/09/2017","September","2017","Yanacocha","Miconia corymbiformis",7,"8","Metallura tyrianthina",NA,"Yanacocha_September_137",-78.590345,-0.118138,"3486.978","2017-09-08T13:59:57Z","137","Flag, Blue","Blue Flag","137",NA,NA,NA,"137",2017-09-08 13:59:57,"Yanacocha_137"
"202","09/09/2017","September","2017","Yanacocha","Heppiella repens",60,"3","Metallura tyrianthina","male","Yanacocha_September_137",-78.590345,-0.118138,"3486.978","2017-09-08T13:59:57Z","137","Flag, Blue","Blue Flag","137",NA,NA,NA,"137",2017-09-08 13:59:57,"Yanacocha_137"
"203","09/09/2017","September","2017","Yanacocha","Heppiella repens",33,"3","Metallura tyrianthina",NA,"Yanacocha_September_143",-78.590623,-0.119033,"3494.365","2017-09-08T14:23:51Z","143","Flag, Blue","Blue Flag","143",NA,NA,NA,"143",2017-09-08 14:23:51,"Yanacocha_143"
"204","09/09/2017","September","2017","Yanacocha","Centropogon pichinchensis",5,"2","Lafresnaya lafresnayi",NA,"Yanacocha_September_154",-78.590326,-0.120222,"3501.167","2017-09-08T14:49:55Z","154","Flag, Blue","Blue Flag","154",NA,NA,NA,"154",2017-09-08 14:49:55,"Yanacocha_154"
"205","09/09/2017","September","2017","Yanacocha","Tristerix longebracteatus",5,"11","Lesbia nuna",NA,"Yanacocha_September_174",-78.590134,-0.122462,"3505.728","2017-09-08T15:39:42Z","174","Flag, Blue","Blue Flag","174",NA,NA,NA,"174",2017-09-08 15:39:42,"Yanacocha_174"
"206","09/09/2017","September","2017","Yanacocha","Weinmannia pinnata",NA,"11","Ramphomicron microrhynchum","(2 ind) there were many inflorescens with little flowers we could not count","Yanacocha_September_183",-78.590718,-0.122775,"3479.167","2017-09-08T16:00:22Z","183","Flag, Blue","Blue Flag","183",NA,NA,NA,"183",2017-09-08 16:00:22,"Yanacocha_183"
"207","09/09/2017","September","2017","Yanacocha","Weinmannia pinnata",NA,NA,"Coeligena lutetiae",NA,"Yanacocha_September_184",-78.590647,-0.122885,"3479.732","2017-09-08T16:05:58Z","184","Flag, Blue","Blue Flag","184",NA,NA,NA,"184",2017-09-08 16:05:58,"Yanacocha_184"
"208","09/09/2017","September","2017","Yanacocha","Miconia racemosa",NA,"10","Ramphomicron microrhynchum",NA,"Yanacocha_September_214",-78.591134,-0.125513,"3484.934","2017-09-08T16:58:25Z","214","Flag, Blue","Blue Flag","214",NA,NA,NA,"214",2017-09-08 16:58:25,"Yanacocha_214"
"209","09/09/2017","September","2017","Yanacocha","Miconia racemosa",NA,"8","Metallura tyrianthina",NA,"Yanacocha_September_215",-78.591173,-0.125622,"3485.907","2017-09-08T17:04:05Z","215","Flag, Blue","Blue Flag","215",NA,NA,NA,"215",2017-09-08 17:04:05,"Yanacocha_215"
"210","09/09/2017","September","2017","Yanacocha","Rubus roseus",1,"3","Metallura tyrianthina",NA,"Yanacocha_September_215",-78.591173,-0.125622,"3485.907","2017-09-08T17:04:05Z","215","Flag, Blue","Blue Flag","215",NA,NA,NA,"215",2017-09-08 17:04:05,"Yanacocha_215"
"211","09/10/2017","October","2017","Yanacocha","Tropaeolum tuberosum",8,"3","Eriocnemis luciani",NA,"Yanacocha_October_429",-78.589867,-0.117137,"3511.794","2017-10-09T13:39:39Z","429","Flag, Blue","Blue Flag","429",NA,NA,NA,"429",2017-10-09 13:39:39,"Yanacocha_429"
"212","09/10/2017","October","2017","Yanacocha","Brachyotum gleasonii",3,"2","Eriocnemis luciani",NA,"Yanacocha_October_431",-78.589944,-0.117244,"3513.115","2017-10-09T13:48:48Z","431","Flag, Blue","Blue Flag","431",NA,NA,NA,"431",2017-10-09 13:48:48,"Yanacocha_431"
"213","09/10/2017","October","2017","Yanacocha","Miconia corymbiformis",33,"8","Metallura tyrianthina",NA,"Yanacocha_October_439",-78.590243,-0.117353,"3503.406","2017-10-09T14:07:40Z","439","Flag, Blue","Blue Flag","439",NA,NA,NA,"439",2017-10-09 14:07:40,"Yanacocha_439"
"214","09/10/2017","October","2017","Yanacocha","Racinaea tetrantha",2,"7","Eriocnemis luciani",NA,"Yanacocha_October_440",-78.590274,-0.117628,"3501.869","2017-10-09T14:16:02Z","440","Flag, Blue","Blue Flag","440",NA,NA,NA,"440",2017-10-09 14:16:02,"Yanacocha_440"
"215","09/10/2017","October","2017","Yanacocha","Macleania rupestris",2,"5","Metallura tyrianthina","hembra","Yanacocha_October_444",-78.590387,-0.118401,"3506.243","2017-10-09T14:28:59Z","444","Flag, Blue","Blue Flag","444",NA,NA,NA,"444",2017-10-09 14:28:59,"Yanacocha_444"
"216","09/10/2017","October","2017","Yanacocha","Macleania rupestris",22,"4","Coeligena lutetiae",NA,"Yanacocha_October_455",-78.590621,-0.119651,"3515.536","2017-10-09T15:06:03Z","455","Flag, Blue","Blue Flag","455",NA,NA,NA,"455",2017-10-09 15:06:03,"Yanacocha_455"
"217","09/10/2017","October","2017","Yanacocha","Rubus roseus",1,"2","Metallura tyrianthina",NA,"Yanacocha_October_456",-78.590529,-0.119719,"3514.794","2017-10-09T15:08:42Z","456","Flag, Blue","Blue Flag","456",NA,NA,NA,"456",2017-10-09 15:08:42,"Yanacocha_456"
"218","09/11/2017","November","2017","Yanacocha","Miconia corymbiformis",13,"6","Eriocnemis luciani",NA,"Yanacocha_November_98",NA,NA,NA,NA,NA,NA,NA,NA,NA,NA,NA,NA,NA,NA
"219","09/11/2017","November","2017","Yanacocha","Miconia corymbiformis",9,"9","Metallura tyrianthina",NA,"Yanacocha_November_144",-78.590109,-0.122404,"3515.531","2017-11-09T15:33:49Z","144","Flag, Blue","Blue Flag","144",NA,NA,NA,"144",2017-11-09 15:33:49,"Yanacocha_144"
"220","07/12/2017","December","2017","Yanacocha","Miconia corymbiformis",30,"7","Heliangelus strophianus",NA,"Yanacocha_December_418",-78.590249,-0.117606,"3498.457","2017-12-07T13:49:46Z","418","Flag, Blue","Blue Flag","418",NA,NA,NA,"418",2017-12-07 13:49:46,"Yanacocha_418"
"221","07/12/2017","December","2017","Yanacocha","Racinaea tetrantha",7,"9","Heliangelus strophianus",NA,"Yanacocha_December_418",-78.590249,-0.117606,"3498.457","2017-12-07T13:49:46Z","418","Flag, Blue","Blue Flag","418",NA,NA,NA,"418",2017-12-07 13:49:46,"Yanacocha_418"
"222","07/12/2017","December","2017","Yanacocha","Rubus roseus",3,"2","Metallura tyrianthina",NA,"Yanacocha_December_430",-78.590462,-0.119416,"3506.528","2017-12-07T14:41:26Z","430","Flag, Blue","Blue Flag","430",NA,NA,NA,"430",2017-12-07 14:41:26,"Yanacocha_430"
"223","07/12/2017","December","2017","Yanacocha","Columnea dielsii",5,"4","Coeligena lutetiae",NA,"Yanacocha_December_431",-78.590444,-0.119595,"3507.594","2017-12-07T14:45:55Z","431","Flag, Blue","Blue Flag","431",NA,NA,NA,"431",2017-12-07 14:45:55,"Yanacocha_431"
"224","07/12/2017","December","2017","Yanacocha","Miconia corymbiformis",15,"6","Heliangelus strophianus",NA,"Yanacocha_December_467",-78.590627,-0.123705,"3485.035","2017-12-07T16:21:43Z","467","Flag, Blue","Blue Flag","467",NA,NA,NA,"467",2017-12-07 16:21:43,"Yanacocha_467"
"225","07/12/2017","December","2017","Yanacocha","Columnea dielsii",5,"5","Coeligena lutetiae",NA,"Yanacocha_December_470",-78.59059,-0.124264,"3484.572","2017-12-07T16:29:59Z","470","Flag, Blue","Blue Flag","470",NA,NA,NA,"470",2017-12-07 16:29:59,"Yanacocha_470"
"226","07/12/2017","December","2017","Yanacocha","Columnea dielsii",3,"5","Coeligena lutetiae",NA,"Yanacocha_December_478",-78.591246,-0.126031,"3484.518","2017-12-07T16:49:57Z","478","Flag, Blue","Blue Flag","478",NA,NA,NA,"478",2017-12-07 16:49:57,"Yanacocha_478"
"227","09/01/2018","January","2018","Yanacocha","Columnea dielsii",7,"3","Coeligena lutetiae",NA,"Yanacocha_January_8",NA,NA,NA,NA,NA,NA,NA,NA,NA,NA,NA,NA,NA,NA
"228","09/01/2018","January","2018","Yanacocha","Miconia corymbiformis",8,"7","Metallura tyrianthina",NA,"Yanacocha_January_9",NA,NA,NA,NA,NA,NA,NA,NA,NA,NA,NA,NA,NA,NA
"229","09/01/2018","January","2018","Yanacocha","Columnea dielsii",4,"5","Coeligena lutetiae",NA,"Yanacocha_January_9",NA,NA,NA,NA,NA,NA,NA,NA,NA,NA,NA,NA,NA,NA
"230","09/01/2018","January","2018","Yanacocha","Miconia corymbiformis",13,"8","Metallura tyrianthina",NA,"Yanacocha_January_13",NA,NA,NA,NA,NA,NA,NA,NA,NA,NA,NA,NA,NA,NA
"231","09/01/2018","January","2018","Yanacocha","Columnea dielsii",5,"5","Coeligena lutetiae",NA,"Yanacocha_January_18",NA,NA,NA,NA,NA,NA,NA,NA,NA,NA,NA,NA,NA,NA
"232","09/01/2018","January","2018","Yanacocha","Macleania rupestris",5,"4","Metallura tyrianthina",NA,"Yanacocha_January_19",NA,NA,NA,NA,NA,NA,NA,NA,NA,NA,NA,NA,NA,NA
"233","09/01/2018","January","2018","Yanacocha","Columnea dielsii",7,"5","Coeligena lutetiae",NA,"Yanacocha_January_56",NA,NA,NA,NA,NA,NA,NA,NA,NA,NA,NA,NA,NA,NA
"234","09/01/2018","January","2018","Yanacocha","Miconia corymbiformis",19,"6","Eriocnemis luciani",NA,"Yanacocha_January_64",NA,NA,NA,NA,NA,NA,NA,NA,NA,NA,NA,NA,NA,NA
"235","09/01/2018","January","2018","Yanacocha","Miconia corymbiformis",3,"6","Coeligena lutetiae","2ind","Yanacocha_January_74",NA,NA,NA,NA,NA,NA,NA,NA,NA,NA,NA,NA,NA,NA
"236","09/01/2018","January","2018","Yanacocha","Tropaeolum tuberosum",6,"2","Coeligena lutetiae",NA,"Yanacocha_January_97",NA,NA,NA,NA,NA,NA,NA,NA,NA,NA,NA,NA,NA,NA
"237","05/04/2018","April","2018","Yanacocha","Tropaeolum tuberosum",17,"3","Eriocnemis luciani",NA,"Yanacocha_April_771",-78.590181,-0.117342,"3506.589","2018-04-05T14:25:51Z","771","Flag, Blue","Blue Flag","771",NA,NA,NA,"771",2018-04-05 14:25:51,"Yanacocha_771"
"238","05/04/2018","April","2018","Yanacocha","Macleania rupestris",14,"5","Metallura tyrianthina",NA,"Yanacocha_April_794",-78.590442,-0.119965,"3513.080","2018-04-05T15:26:58Z","794","Flag, Blue","Blue Flag","794",NA,NA,NA,"794",2018-04-05 15:26:58,"Yanacocha_794"
"239","05/04/2018","April","2018","Yanacocha","Disterigma noyesiae",12,"2","Metallura tyrianthina",NA,"Yanacocha_April_808",-78.590253,-0.121073,"3520.482","2018-04-05T15:56:03Z","808","Flag, Blue","Blue Flag","808",NA,NA,NA,"808",2018-04-05 15:56:03,"Yanacocha_808"
"240","05/04/2018","April","2018","Yanacocha","Fuchsia ayavacensis",1,"2","Eriocnemis luciani",NA,"Yanacocha_April_844",-78.590607,-0.123747,"3480.195","2018-04-05T17:11:23Z","844","Flag, Blue","Blue Flag","844",NA,NA,NA,"844",2018-04-05 17:11:23,"Yanacocha_844"
